{"cameraMode":{"drawMode":0,"name":"Shaded","section":"Shading Mode"},"sceneLighting":true,"audioPlay":false,"sceneViewState":{"showFog":true,"showMaterialUpdate":false,"showSkybox":true,"showFlares":true,"showImageEffects":true,"showParticleSystems":true},"in2DMode":false,"pivot":{"x":-17.63335609436035,"y":20.933076858520509,"z":-58.52577590942383},"rotation":{"x":-0.006900306791067123,"y":0.0033013632055372,"z":0.00002282355126226321,"w":0.9999707937240601},"size":44.19394302368164,"orthographic":false}