{"cameraMode":{"drawMode":0,"name":"Shaded","section":"Shading Mode"},"sceneLighting":false,"audioPlay":false,"sceneViewState":{"showFog":true,"showMaterialUpdate":false,"showSkybox":true,"showFlares":true,"showImageEffects":true,"showParticleSystems":true},"in2DMode":false,"pivot":{"x":-89.34500122070313,"y":6.18110466003418,"z":0.0},"rotation":{"x":-0.04589075222611427,"y":0.004806694108992815,"z":-0.00022099493071436882,"w":-0.9989349246025086},"size":7.491235733032227,"orthographic":false}