{"cameraMode":{"drawMode":0,"name":"Shaded","section":"Shading Mode"},"sceneLighting":false,"audioPlay":false,"sceneViewState":{"showFog":true,"showMaterialUpdate":false,"showSkybox":true,"showFlares":true,"showImageEffects":true,"showParticleSystems":true},"in2DMode":false,"pivot":{"x":-0.04500001668930054,"y":2.6141722202301027,"z":0.0},"rotation":{"x":0.07343372702598572,"y":0.0023905388079583647,"z":-0.0001760835002642125,"w":0.9972972273826599},"size":7.953978538513184,"orthographic":false}